Workbook

Sheet Summary
A1: Signed Sales Order / Pending Shop Drawings - deal-by-deal check
A2: Source: monday.com Opportunities board, group "Signed Sales Order/Pending Shop Drawings", pulled 10/2/26. Cross-checked to the Project Managers board and the 2026 customer deposit tabs.
A4: Classification | B4: # Deals | C4: Project Total | D4: Panda #
A5: Valid backlog | B5: =COUNTIF(Deals!$N:$N,A5) | C5: =SUMIF(Deals!$N:$N,A5,Deals!$H:$H) | D5: =SUMIF(Deals!$N:$N,A5,Deals!$I:$I)
A6: Check - 2025 win, no deposit, not on PM board | B6: =COUNTIF(Deals!$N:$N,A6) | C6: =SUMIF(Deals!$N:$N,A6,Deals!$H:$H) | D6: =SUMIF(Deals!$N:$N,A6,Deals!$I:$I)
A7: Remove - already produced / shipped | B7: =COUNTIF(Deals!$N:$N,A7) | C7: =SUMIF(Deals!$N:$N,A7,Deals!$H:$H) | D7: =SUMIF(Deals!$N:$N,A7,Deals!$I:$I)
A8: Remove - canceled on PM board | B8: =COUNTIF(Deals!$N:$N,A8) | C8: =SUMIF(Deals!$N:$N,A8,Deals!$H:$H) | D8: =SUMIF(Deals!$N:$N,A8,Deals!$I:$I)
A9: Won in October (after 10/1 snapshot) | B9: =COUNTIF(Deals!$N:$N,A9) | C9: =SUMIF(Deals!$N:$N,A9,Deals!$H:$H) | D9: =SUMIF(Deals!$N:$N,A9,Deals!$I:$I)
A10: Total in group today | B10: =SUM(B5:B9) | C10: =SUM(C5:C9) | D10: =SUM(D5:D9)
A12: As shown on dashboard (10/1 snapshot): all deals won before 10/1 | B12: =B10-B9 | C12: =C10-C9 | D12: =D10-D9
A13: Dashboard figure (hardcoded) | B13: 140 | C13: 9700000 | E13: Typed into the dashboard page; not recalculated
A14: Corrected backlog: valid + to check | B14: =B5+B6 | C14: =C5+C6 | D14: =D5+D6
A15: Corrected backlog: valid only | B15: =B5 | C15: =C5 | D15: =D5
A17: Notes
A18: 14 deals have no Project Total entered, so their value is missing from every dollar figure.
A19: "Deposit on 2026 tab" only checks the Jan-Sep 2026 customer deposit tabs; a deposit collected in 2025 will show No.
A20: Remove rows: the PM board already shows these jobs shipped, closed out or canceled, so they are not waiting on shop drawings. Move them out of this group in monday.
A21: Check rows: won in 2025, no 2026 deposit and no PM board job. Probably dead or never started; confirm with the RSM.

Sheet Deals
A1: RSM | B1: Deal | C1: Project / Company | D1: Q# | E1: Stage | F1: Deal Won | G1: Won Date | H1: Project Total | I1: Panda # | J1: Shop Drawings? | K1: Drawings Signed? | L1: PM Board Group | M1: Deposit on 2026 tab | N1: Classification | O1: Opp Last Updated | P1: monday link
A2: Bill Davenport | B2: Daniel Moran | C2: Moran Residence | D2: 90891 / 2092 | E2: Signed SO/Pending Drawings | F2: Yes | G2: 46232 | H2: 9757 | I2: 5217 | J2: No | K2: No | L2: Not on PM board | M2: No | N2: Valid backlog | O2: 46240 | P2: https://panda-windows-and-doors.monday.com/boards/7469134152/pulses/11989151816
A3: Bill Davenport | B3: Kenneth VanBuskirk | C3: Detroit Pistons Locker Room | D3: 92529 | E3: Signed SO/Pending Drawings | F3: Yes | G3: 46275 | J3: No | K3: No | L3: Not on PM board | M3: No | N3: Valid backlog | O3: 46290 | P3: https://panda-windows-and-doors.monday.com/boards/7469134152/pulses/12970532244
A4: Derrick McCall | B4: J Shuman Door Installation | C4: Hospitality Building | D4: 86579 | E4: Signed SO/Pending Drawings | F4: Yes | G4: 46188 | H4: 153173 | I4: 135977.87 | J4: Yes | K4: No | L4: Sent to Engineering | M4: Yes | N4: Valid backlog | O4: 46212 | P4: https://panda-windows-and-doors.monday.com/boards/7469134152/pulses/9645512025
A5: Derrick McCall | B5: Best Contracting | C5: UCSB San Benito Housing | D5: 87022 | E5: Signed SO/Pending Drawings | F5: Yes | G5: 45965 | H5: 121645 | I5: 107495.35 | J5: Yes | K5: No | L5: Sent to Engineering | M5: Yes | N5: Valid backlog | O5: 46120 | P5: https://panda-windows-and-doors.monday.com/boards/7469134152/pulses/18346441407
A6: Derrick McCall | B6: Pacific Glazing Contractors | C6: Mission Bay South 4E Phase 2 | D6: 89502 | E6: Proposal Sent to Client | F6: Yes | G6: 46141 | H6: 107644 | I6: 92836.96 | J6: No | K6: No | L6: Pending Deposit in Invoicing | M6: No | N6: Valid backlog | O6: 46141 | P6: https://panda-windows-and-doors.monday.com/boards/7469134152/pulses/11342933243
A7: Derrick McCall | B7: Classic Glass | C7: Hotel Mohi | D7: 88845 | E7: Signed SO/Pending Drawings | F7: Yes | G7: 46101 | H7: 103637 | I7: 90249.35 | J7: Yes | K7: No | L7: Sent to Engineering | M7: Yes | N7: Valid backlog | O7: 46128 | P7: https://panda-windows-and-doors.monday.com/boards/7469134152/pulses/11556409277
A8: Derrick McCall | B8: Progress Glass | C8: Marin Art & Garden Center | D8: 91229 / 2493 | E8: Signed SO/Pending Drawings | F8: Yes | G8: 46281 | H8: 98131.6 | I8: 82015.63 | J8: Yes | K8: No | L8: Not on PM board | M8: Yes | N8: Valid backlog | O8: 46289 | P8: https://panda-windows-and-doors.monday.com/boards/7469134152/pulses/12197775710
A9: Derrick McCall | B9: Capitol Glass Company | C9: The Eliza | D9: 84966 | E9: Signed SO/Pending Drawings | F9: Yes | G9: 45924 | H9: 79208 | I9: 67627.5 | J9: Yes | K9: No | L9: Sent to Engineering | M9: Yes | N9: Valid backlog | O9: 46120 | P9: https://panda-windows-and-doors.monday.com/boards/7469134152/pulses/8917925091
A10: Derrick McCall | B10: Sunset Glazing | C10: 6th & Palm | D10: 84176/4141 | E10: Signed SO/Pending Drawings | F10: Yes | G10: 46245 | H10: 78196.39 | I10: 67355.35 | J10: No | K10: No | L10: Not on PM board | M10: Yes | N10: Valid backlog | O10: 46261 | P10: https://panda-windows-and-doors.monday.com/boards/7469134152/pulses/8627892187
A11: Derrick McCall | B11: Lucky's Glass | C11: Meditation | D11: 86347 / 4593 | E11: Signed SO/Pending Drawings | F11: Yes | G11: 46265 | H11: 65888.32 | I11: 57344.82 | J11: No | K11: No | L11: Not on PM board | M11: No | N11: Valid backlog | O11: 46265 | P11: https://panda-windows-and-doors.monday.com/boards/7469134152/pulses/9534718348
A12: Derrick McCall | B12: Giroux Glass | C12: Sparks Training Facility | D12: 89539 | E12: Signed SO/Pending Drawings | F12: Yes | G12: 46162 | H12: 65212 | I12: 5535.75 | J12: Yes | K12: No | L12: Pending Deposit in Invoicing | M12: Yes | N12: Valid backlog | O12: 46244 | P12: https://panda-windows-and-doors.monday.com/boards/7469134152/pulses/11358077145
A13: Derrick McCall | B13: Walters & Wolf | C13: UCB Bancroft | D13: 87035 | E13: Signed SO/Pending Drawings | F13: Yes | G13: 46175 | H13: 56357 | I13: 48347.41 | J13: Yes | K13: No | L13: Sent to Engineering | M13: Yes | N13: Valid backlog | O13: 46188 | P13: https://panda-windows-and-doors.monday.com/boards/7469134152/pulses/9882140955
A14: Derrick McCall | B14: Elite Glaziers | C14: LA Basketball | D14: 90706 | E14: Signed SO/Pending Drawings | F14: Yes | G14: 46148 | H14: 52480 | I14: 45833.22 | J14: Yes | K14: No | L14: Sent to Engineering | M14: Yes | N14: Valid backlog | O14: 46190 | P14: https://panda-windows-and-doors.monday.com/boards/7469134152/pulses/11801141862
A15: Derrick McCall | B15: Platinum Glass | C15: JP Morgan Chase 7th | D15: 89431 | E15: Signed SO/Pending Drawings | F15: Yes | G15: 46108 | H15: 48064 | I15: 42001.39 | J15: No | K15: No | L15: Pending Deposit in Invoicing | M15: No | N15: Valid backlog | O15: 46120 | P15: https://panda-windows-and-doors.monday.com/boards/7469134152/pulses/11295209764
... A23: Derrick McCall | B23: Maryl Construction | C23: 91108 Hapuna Villa Window | D23: 91108 / 2343 | E23: Signed SO/Pending Drawings | F23: No | G23: 46192 | H23: 10033.21 | I23: 9449.26 | J23: No | K23: No | L23: Pending Deposit in Invoicing | M23: Yes | N23: Valid backlog | O23: 46244 | P23: https://panda-windows-and-doors.monday.com/boards/7469134152/pulses/12321628016
A24: Derrick McCall | B24: JV Glass | C24: Lululemon | E24: Proposal Sent to Client | F24: Yes | G24: 46141 | J24: No | K24: No | L24: Not on PM board | M24: No | N24: Valid backlog | O24: 46141 | P24: https://panda-windows-and-doors.monday.com/boards/7469134152/pulses/11756438433
A25: Derrick McCall | B25: Ian Russell | E25: Signed SO/Pending Drawings | F25: Yes | G25: 46141 | J25: No | K25: No | L25: Not on PM board | M25: No | N25: Valid backlog | O25: 46141 | P25: https://panda-windows-and-doors.monday.com/boards/7469134152/pulses/11775899142
A26: Derrick McCall | B26: Lighthouse Windows, Inc | C26: Warm Springs III - Lot 10 | D26: 91004 / 2209 | E26: Signed SO/Pending Drawings | F26: Yes | G26: 46168 | J26: No | K26: No | L26: Pending Deposit in Invoicing | M26: Yes | N26: Valid backlog | O26: 46168 | P26: https://panda-windows-and-doors.monday.com/boards/7469134152/pulses/12107680812
A27: Derrick McCall | B27: Signature Glass & Windows, Inc. | C27: 3001 ECR | D27: 87059 | E27: Signed SO/Pending Drawings | F27: Yes | G27: 46178 | J27: Yes | K27: No | L27: Sent to Engineering | M27: Yes | N27: Valid backlog | O27: 46202 | P27: https://panda-windows-and-doors.monday.com/boards/7469134152/pulses/12202875911
A28: Efrain Zarate | B28: Dynamic Glass | C28: Antero Resources | D28: 85504 | E28: Signed SO/Pending Drawings | F28: Yes | G28: 46062 | H28: 302136 | I28: 260821.74 | J28: Yes | K28: No | L28: Sent to Engineering | M28: Yes | N28: Valid backlog | O28: 46251 | P28: https://panda-windows-and-doors.monday.com/boards/7469134152/pulses/9322025496
A29: Efrain Zarate | B29: Roseman University of Health Sciences, A Non-Profit Corporation | C29: Roseman University | D29: 88519/2436 | E29: Signed SO/Pending Drawings | F29: Yes | G29: 46275 | H29: 171300.72 | I29: 157156.62 | J29: No | K29: No | L29: Not on PM board | M29: No | N29: Valid backlog | O29: 46275 | P29: https://panda-windows-and-doors.monday.com/boards/7469134152/pulses/10746878829
A30: Efrain Zarate | B30: The Window Store | C30: Black Spur Estate | D30: 85860 | E30: Signed SO/Pending Drawings | F30: Yes | G30: 45817 | H30: 144167 | I30: 125877.52 | J30: Yes | K30: No | L30: Sent to Engineering | M30: Yes | N30: Valid backlog | O30: 46120 | P30: https://panda-windows-and-doors.monday.com/boards/7469134152/pulses/8775248357
A31: Efrain Zarate | B31: Walters & Wolf | C31: HRHC Podium | D31: 87948/4063 | E31: Signed SO/Pending Drawings | F31: Yes | G31: 46245 | H31: 132268.93 | I31: 119456 | J31: No | K31: No | L31: Not on PM board | M31: Yes | N31: Valid backlog | O31: 46281 | P31: https://panda-windows-and-doors.monday.com/boards/7469134152/pulses/12741345459
A32: Efrain Zarate | B32: Sighlines | C32: Blue Martini | D32: 87599 | E32: Signed SO/Pending Drawings | F32: Yes | G32: 45965 | H32: 108261 | I32: 96526.01 | J32: Yes | K32: No | L32: Pending Deposit in Invoicing | M32: Yes | N32: Valid backlog | O32: 46251 | P32: https://panda-windows-and-doors.monday.com/boards/7469134152/pulses/18346471113
A33: Efrain Zarate | B33: Turkel Design | C33: Robbins | D33: 89724/2803 | E33: Signed SO/Pending Drawings | F33: Yes | G33: 46269 | H33: 105977.5 | I33: 83454.5 | J33: Yes | K33: No | L33: Not on PM board | M33: Yes | N33: Valid backlog | O33: 46294 | P33: https://panda-windows-and-doors.monday.com/boards/7469134152/pulses/11884841301
A34: Efrain Zarate | B34: Turkel Design | C34: GAL Residence | D34: 87450 | E34: Signed SO/Pending Drawings | F34: Yes | G34: 46066 | H34: 59540 | I34: 46827.47 | J34: Yes | K34: No | L34: Sent to Engineering | M34: Yes | N34: Valid backlog | O34: 46183 | P34: https://panda-windows-and-doors.monday.com/boards/7469134152/pulses/18025593941
A35: Efrain Zarate | B35: Architectural Windows & Doors | C35: NM Remodel | D35: 91603 | E35: Signed SO/Pending Drawings | F35: Yes | G35: 46248 | H35: 58451 | I35: 47950.47 | J35: Yes | K35: No | L35: Not on PM board | M35: Yes | N35: Valid backlog | O35: 46288 | P35: https://panda-windows-and-doors.monday.com/boards/7469134152/pulses/12426049763
A36: Efrain Zarate | B36: Glass House | C36: Red Arrow | D36: 88672 | E36: Signed SO/Pending Drawings | F36: Yes | G36: 46143 | H36: 47238 | I36: 42892.07 | J36: No | K36: No | L36: Sent to Engineering | M36: No | N36: Valid backlog | O36: 46251 | P36: https://panda-windows-and-doors.monday.com/boards/7469134152/pulses/11076421267
A37: Efrain Zarate | B37: Skyline Glass | C37: Candela's Apartments | D37: 86208 | E37: Signed SO/Pending Drawings | F37: Yes | G37: 46136 | H37: 45573 | I37: 36339.28 | J37: Yes | K37: No | L37: Sent to Engineering | M37: Yes | N37: Valid backlog | O37: 46157 | P37: https://panda-windows-and-doors.monday.com/boards/7469134152/pulses/11842196498
A38: Efrain Zarate | B38: C Thru Glass | C38: Mt. Charleston Lodge | D38: 89607 | E38: Signed SO/Pending Drawings | F38: Yes | G38: 46120 | H38: 38670 | I38: 34479.18 | J38: Yes | K38: No | L38: Sent to Engineering | M38: Yes | N38: Valid backlog | O38: 46251 | P38: https://panda-windows-and-doors.monday.com/boards/7469134152/pulses/11464599738
A39: Efrain Zarate | B39: BMG Door & Glass | C39: Halise Diamond | D39: 89197 | E39: Signed SO/Pending Drawings | F39: No | H39: 38046.13 | I39: 33122.14 | J39: Yes | K39: No | L39: Not on PM board | M39: Yes | N39: Valid backlog | O39: 46251 | P39: https://panda-windows-and-doors.monday.com/boards/7469134152/pulses/11778239085
A40: Efrain Zarate | B40: Ken Caryl Glass Inc | C40: McDonald Audi | D40: 91176/2447 | E40: Signed SO/Pending Drawings | F40: Yes | G40: 46269 | H40: 35384.86 | I40: 29192.58 | J40: Yes | K40: No | L40: Not on PM board | M40: Yes | N40: Valid backlog | O40: 46286 | P40: https://panda-windows-and-doors.monday.com/boards/7469134152/pulses/12181024331
A41: Efrain Zarate | B41: Tridel Construction | C41: Players Canyon - Doors | D41: 84246 | E41: Signed SO/Pending Drawings | F41: Yes | G41: 45978 | H41: 34230 | I41: 30940.12 | J41: Yes | K41: No | L41: Sent to Engineering | M41: Yes | N41: Valid backlog | O41: 46120 | P41: https://panda-windows-and-doors.monday.com/boards/7469134152/pulses/8646895020
A42: Efrain Zarate | B42: 8 G Solutions | C42: Marina Square | D42: 83756/2591 | E42: Signed SO/Pending Drawings | F42: Yes | G42: 46226 | H42: 29958.12 | I42: 23292.77 | J42: Yes | K42: No | L42: Not on PM board | M42: Yes | N42: Valid backlog | O42: 46251 | P42: https://panda-windows-and-doors.monday.com/boards/7469134152/pulses/11885010447
A43: Efrain Zarate | B43: Amber Martinez | C43: Martinez Pivot | D43: 92314/4228 | E43: Signed SO/Pending Drawings | F43: Yes | G43: 46252 | H43: 29037.48 | I43: 25079.7 | J43: No | K43: No | L43: Not on PM board | M43: Yes | N43: Valid backlog | O43: 46255 | P43: https://panda-windows-and-doors.monday.com/boards/7469134152/pulses/12777585608
A44: Efrain Zarate | B44: Mesa Properties | C44: 2435 Legacy Dr | D44: 85687 | E44: Signed SO/Pending Drawings | F44: Yes | G44: 46233 | H44: 26587 | I44: 22382 | J44: Yes | K44: No | L44: Not on PM board | M44: Yes | N44: Valid backlog | O44: 46240 | P44: https://panda-windows-and-doors.monday.com/boards/7469134152/pulses/12582634150
A45: Efrain Zarate | B45: American Eagle Glass | C45: AAA Blue Diamond | D45: 91452/ 2847 | E45: Signed SO/Pending Drawings | F45: Yes | G45: 46217 | H45: 17267.58 | I45: 15238.87 | J45: No | K45: No | L45: Not on PM board | M45: Yes | N45: Valid backlog | O45: 46251 | P45: https://panda-windows-and-doors.monday.com/boards/7469134152/pulses/12342014464
A46: Efrain Zarate | B46: Grand View Glass- Chris Medina | C46: LMAC Operable Glass Wall | D46: 89541 | E46: Signed SO/Pending Drawings | F46: Yes | G46: 46176 | H46: 17182 | I46: 13094.38 | J46: No | K46: No | L46: Pending Deposit in Invoicing | M46: Yes | N46: Valid backlog | O46: 46203 | P46: https://panda-windows-and-doors.monday.com/boards/7469134152/pulses/11362449632
A47: Efrain Zarate | B47: Elham Taherian | C47: 2180 Havensight Add On 2 | D47: 91377/2792 | E47: Signed SO/Pending Drawings | F47: Yes | G47: 46252 | H47: 14958.17 | I47: 13447.08 | J47: Yes | K47: No | L47: Not on PM board | M47: Yes | N47: Valid backlog | O47: 46280 | P47: https://panda-windows-and-doors.monday.com/boards/7469134152/pulses/12322563037
A48: Efrain Zarate | B48: Steven Thomas | C48: 5162 Rock Daisy | D48: 83357 | E48: Signed SO/Pending Drawings | F48: Yes | G48: 45729 | H48: 10055 | I48: 9087.42 | J48: No | K48: No | L48: Pending Deposit in Invoicing | M48: No | N48: Valid backlog | O48: 46251 | P48: https://panda-windows-and-doors.monday.com/boards/7469134152/pulses/8214177954
A49: Efrain Zarate | B49: Gary Kortz | C49: Gary Kortz | D49: 82669 | E49: Signed SO/Pending Drawings | F49: Yes | G49: 45726 | H49: 7504 | I49: 4853.63 | J49: No | K49: No | L49: Pending Deposit in Invoicing | M49: No | N49: Valid backlog | O49: 46251 | P49: https://panda-windows-and-doors.monday.com/boards/7469134152/pulses/8117297810
A50: Efrain Zarate | B50: Charles Benbow | C50: Benbow Add On | D50: 91255/2522 | E50: Signed SO/Pending Drawings | F50: Yes | G50: 46289 | J50: No | K50: No | L50: Not on PM board | M50: No | N50: Valid backlog | O50: 46289 | P50: https://panda-windows-and-doors.monday.com/boards/7469134152/pulses/12220521872
A51: Sean Torre | B51: Juan Molina | C51: Kanani Residence | D51: 86089 | E51: Signed SO/Pending Drawings | F51: Yes | G51: 45947 | H51: 819158 | I51: 722725.41 | J51: Yes | K51: No | L51: Sent to Engineering | M51: Yes | N51: Valid backlog | O51: 46183 | P51: https://panda-windows-and-doors.monday.com/boards/7469134152/pulses/9422515889
A52: Sean Torre | B52: Eclipse Residence | C52: Eclipse Reidence | D52: 86157 | E52: Signed SO/Pending Drawings | F52: Yes | G52: 46065 | H52: 510051 | I52: 448501.29 | J52: Yes | K52: No | L52: Sent to Engineering | M52: Yes | N52: Valid backlog | O52: 46182 | P52: https://panda-windows-and-doors.monday.com/boards/7469134152/pulses/11267307021
A53: Sean Torre | B53: Shuman Doors | C53: 1420 University ave | D53: 91748 / 3556 | E53: Signed SO/Pending Drawings | F53: Yes | G53: 46254 | H53: 131609.71 | I53: 121662.95 | J53: No | K53: No | L53: Not on PM board | M53: Yes | N53: Valid backlog | O53: 46254 | P53: https://panda-windows-and-doors.monday.com/boards/7469134152/pulses/12601509176
A54: Sean Torre | B54: Todd Nelson | C54: DFW Terminal C | D54: 86704 | E54: Signed SO/Pending Drawings | F54: Yes | G54: 46058 | H54: 113687 | I54: 98199.36 | J54: Yes | K54: No | L54: Sent to Engineering | M54: Yes | N54: Valid backlog | O54: 46120 | P54: https://panda-windows-and-doors.monday.com/boards/7469134152/pulses/9709418646
A55: Sean Torre | B55: Shuman Doors | C55: 1901 Gilman Ranch Rd | D55: 92172/3956 | E55: Signed SO/Pending Drawings | F55: Yes | G55: 46267 | H55: 79631.92 | I55: 65873.79 | J55: Yes | K55: No | L55: Not on PM board | M55: Yes | N55: Valid backlog | O55: 46295 | P55: https://panda-windows-and-doors.monday.com/boards/7469134152/pulses/12725867439
A56: Sean Torre | B56: Tier One Custom Windows | C56: Mt. Bonnell | D56: 89969 | E56: Signed SO/Pending Drawings | F56: Yes | G56: 46286 | H56: 74601.67 | I56: 95068.62 | J56: No | K56: No | L56: Not on PM board | M56: No | N56: Valid backlog | O56: 46286 | P56: https://panda-windows-and-doors.monday.com/boards/7469134152/pulses/12337378993
A57: Sean Torre | B57: Doganis Residence | C57: Doganis Residence | D57: 87185 | E57: Signed SO/Pending Drawings | F57: Yes | G57: 45980 | H57: 63029 | I57: 55943.71 | J57: Yes | K57: No | L57: Sent to Engineering | M57: Yes | N57: Valid backlog | O57: 46139 | P57: https://panda-windows-and-doors.monday.com/boards/7469134152/pulses/10600540558
A58: Sean Torre | B58: Builders Direct Supply | C58: Lift & Slide Options | D58: 92187 / 4496 | E58: Signed SO/Pending Drawings | F58: Yes | G58: 46295 | H58: 61400.88 | I58: 50618.24 | J58: No | K58: No | L58: Not on PM board | M58: No | N58: Valid backlog | O58: 46295 | P58: https://panda-windows-and-doors.monday.com/boards/7469134152/pulses/12863634399
A59: Sean Torre | B59: Alba Jubani | C59: Illy at Cosmo | D59: 85778 | E59: Signed SO/Pending Drawings | F59: Yes | G59: 45805 | H59: 59707 | I59: 52997.5 | J59: No | K59: No | L59: Pending Deposit in Invoicing | M59: No | N59: Valid backlog | O59: 46120 | P59: https://panda-windows-and-doors.monday.com/boards/7469134152/pulses/9253084020
A60: Sean Torre | B60: Tier One Custom Windows | C60: 21830 Briarcliff Dr | E60: Signed SO/Pending Drawings | F60: Yes | G60: 46268 | H60: 37994.19 | I60: 32875.42 | J60: No | K60: No | L60: Not on PM board | M60: No | N60: Valid backlog | O60: 46268 | P60: https://panda-windows-and-doors.monday.com/boards/7469134152/pulses/12969004516
A61: Sean Torre | B61: Don's Mobile Glass | C61: Mikha, Linda | D61: 91567 | E61: Signed SO/Pending Drawings | F61: Yes | G61: 46244 | H61: 31679.47 | I61: 40178.62 | J61: No | K61: No | L61: Not on PM board | M61: No | N61: Valid backlog | O61: 46254 | P61: https://panda-windows-and-doors.monday.com/boards/7469134152/pulses/12763172501
A62: Sean Torre | B62: Integrated door and windows | C62: Patel Entry Door | D62: 92437 / 4086 | E62: Signed SO/Pending Drawings | F62: Yes | G62: 46279 | H62: 25916.61 | I62: 21717.08 | J62: No | K62: No | L62: Not on PM board | M62: No | N62: Valid backlog | O62: 46279 | P62: https://panda-windows-and-doors.monday.com/boards/7469134152/pulses/12750039925
A63: Sean Torre | B63: Builders Direct Supply | C63: Johnson Entry Door | D63: 91561 | E63: Signed SO/Pending Drawings | F63: Yes | G63: 46252 | H63: 20578.87 | I63: 18439.33 | J63: No | K63: No | L63: Not on PM board | M63: Yes | N63: Valid backlog | O63: 46255 | P63: https://panda-windows-and-doors.monday.com/boards/7469134152/pulses/12833812260
A64: Sean Torre | B64: The Martin | C64: The Martin | D64: 88971 | E64: Signed SO/Pending Drawings | F64: No | H64: 18595.53 | I64: 14186.97 | J64: No | K64: No | L64: Not on PM board | M64: Yes | N64: Valid backlog | O64: 46217 | P64: https://panda-windows-and-doors.monday.com/boards/7469134152/pulses/12361303256
A65: Sean Torre | B65: Lee Glass & Window | C65: Eisenhower Elementary School Expansion | D65: 90333 | E65: Signed SO/Pending Drawings | F65: Yes | G65: 46217 | H65: 17299.81 | I65: 12403.49 | J65: No | K65: No | L65: Not on PM board | M65: Yes | N65: Valid backlog | O65: 46231 | P65: https://panda-windows-and-doors.monday.com/boards/7469134152/pulses/11748235978
A66: Sean Torre | B66: Rudy Gomez | C66: 415 College Main | D66: 87805 | E66: Signed SO/Pending Drawings | F66: Yes | G66: 46007 | H66: 14582 | I66: 10095.03 | J66: Yes | K66: No | L66: Sent to Engineering | M66: Yes | N66: Valid backlog | O66: 46120 | P66: https://panda-windows-and-doors.monday.com/boards/7469134152/pulses/18194141866
A67: Sean Torre | B67: Shuman Doors | C67: 1285 W Edmundson Ave | D67: 91739 / 4578 | E67: Signed SO/Pending Drawings | F67: Yes | G67: 46267 | H67: 10347.73 | I67: 11985.98 | J67: No | K67: No | L67: Not on PM board | M67: Yes | N67: Valid backlog | O67: 46281 | P67: https://panda-windows-and-doors.monday.com/boards/7469134152/pulses/12957821074
A68: Sean Torre | B68: Shuman Doors | C68: Arnaud - Add on | D68: 91978 | E68: Signed SO/Pending Drawings | F68: Yes | G68: 46254 | H68: 1093.38 | I68: 865.49 | J68: No | K68: No | L68: Not on PM board | M68: No | N68: Valid backlog | O68: 46254 | P68: https://panda-windows-and-doors.monday.com/boards/7469134152/pulses/12858595683
A69: Sean Torre | B69: Nandini Saraiya | C69: Nandini Saraiya | D69: 89168 | E69: Signed SO/Pending Drawings | F69: Yes | G69: 46134 | J69: No | K69: No | L69: Sent to Engineering | M69: Yes | N69: Valid backlog | O69: 46136 | P69: https://panda-windows-and-doors.monday.com/boards/7469134152/pulses/11823251514
A70: Stefan Monetta | B70: Harmon - Maryland | C70: 725 W 12th St | D70: 87189 | E70: Signed SO/Pending Drawings | F70: Yes | G70: 46259 | H70: 443655.7 | I70: 400693.3 | J70: Yes | K70: No | L70: Not on PM board | M70: Yes | N70: Valid backlog | O70: 46274 | P70: https://panda-windows-and-doors.monday.com/boards/7469134152/pulses/9964657740
A71: Stefan Monetta | B71: Ryan Snabes | C71: Ann Arbor Thurston | D71: 84161 | E71: Signed SO/Pending Drawings | F71: Yes | G71: 45931 | H71: 353373 | I71: 315296.32 | J71: Yes | K71: No | L71: Sent to Engineering | M71: Yes | N71: Valid backlog | O71: 46183 | P71: https://panda-windows-and-doors.monday.com/boards/7469134152/pulses/9127892120
A72: Stefan Monetta | B72: Trendex Corp | C72: 1826 S Bayshore Lane | D72: 88397 | E72: Signed SO/Pending Drawings | F72: Yes | G72: 46058 | H72: 240667 | I72: 211099 | J72: Yes | K72: No | L72: Sent to Engineering | M72: Yes | N72: Valid backlog | O72: 46120 | P72: https://panda-windows-and-doors.monday.com/boards/7469134152/pulses/11201081350
A73: Stefan Monetta | B73: Dan and Molly Dirscherl | C73: Dirscherl Cabana | D73: 85777 | E73: Signed SO/Pending Drawings | F73: Yes | G73: 46083 | H73: 177689 | I73: 160979.9 | J73: Yes | K73: No | L73: Sent to Engineering | M73: Yes | N73: Valid backlog | O73: 46210 | P73: https://panda-windows-and-doors.monday.com/boards/7469134152/pulses/11403344967
A74: Stefan Monetta | B74: David Ostrander (Boat House) | C74: Ostrander Boat House | D74: 89178 | E74: Signed SO/Pending Drawings | F74: Yes | G74: 46076 | H74: 72444 | I74: 62813.14 | J74: No | K74: No | L74: Pending Deposit in Invoicing | M74: No | N74: Valid backlog | O74: 46183 | P74: https://panda-windows-and-doors.monday.com/boards/7469134152/pulses/11342786430
A75: Stefan Monetta | B75: Glass & Metals | C75: 2100 Crystal | D75: 88012 | E75: Signed SO/Pending Drawings | F75: Yes | G75: 46154 | H75: 50922 | I75: 42889.34 | J75: Yes | K75: No | L75: Pending Deposit in Invoicing | M75: Yes | N75: Valid backlog | O75: 46182 | P75: https://panda-windows-and-doors.monday.com/boards/7469134152/pulses/18319424513
A76: Stefan Monetta | B76: Ajay Glass Co. | C76: Sayers Resident | D76: 92799 | E76: Signed SO/Pending Drawings | F76: Yes | G76: 46275 | H76: 50511.51 | I76: 39261.82 | J76: No | K76: No | L76: Not on PM board | M76: Yes | N76: Valid backlog | O76: 46289 | P76: https://panda-windows-and-doors.monday.com/boards/7469134152/pulses/13019393192
A77: Stefan Monetta | B77: S. Albert Glass Co. | C77: Womble Bond Dickinson | D77: 91363 | E77: Signed SO/Pending Drawings | F77: Yes | G77: 46290 | H77: 46472.81 | I77: 35971.62 | J77: No | K77: No | L77: Not on PM board | M77: No | N77: Valid backlog | O77: 46290 | P77: https://panda-windows-and-doors.monday.com/boards/7469134152/pulses/13137557866
A78: Stefan Monetta | B78: Advanced Window, Inc | C78: 1990 K Street | D78: 87616 | E78: Signed SO/Pending Drawings | F78: Yes | G78: 46057 | H78: 44961 | I78: 37463.65 | J78: Yes | K78: No | L78: Sent to Engineering | M78: Yes | N78: Valid backlog | O78: 46182 | P78: https://panda-windows-and-doors.monday.com/boards/7469134152/pulses/18098472722
A79: Stefan Monetta | B79: Keith Starkey | C79: Starkey Residence | D79: 78503 | E79: Signed SO/Pending Drawings | F79: Yes | G79: 45824 | H79: 31629 | I79: 24003.52 | J79: Yes | K79: No | L79: Sent to Engineering | M79: Yes | N79: Valid backlog | O79: 46182 | P79: https://panda-windows-and-doors.monday.com/boards/7469134152/pulses/9366873756
A80: Stefan Monetta | B80: Ajay Glass Co. | C80: Billiter South | D80: 90513 | E80: Signed SO/Pending Drawings | F80: Yes | G80: 46282 | H80: 29671.25 | I80: 21959.54 | J80: No | K80: No | L80: Not on PM board | M80: Yes | N80: Valid backlog | O80: 46289 | P80: https://panda-windows-and-doors.monday.com/boards/7469134152/pulses/11809350053
A81: Stefan Monetta | B81: Scott Hawkins | C81: Hawkins Residence | D81: 91020 | E81: Signed SO/Pending Drawings | F81: Yes | G81: 46210 | H81: 25575.9 | I81: 19996.9 | J81: No | K81: No | L81: Pending Deposit in Invoicing | M81: No | N81: Valid backlog | O81: 46210 | P81: https://panda-windows-and-doors.monday.com/boards/7469134152/pulses/12079669060
... A87: Stefan Monetta | B87: Steve Bell | C87: Worth SD P27 | D87: 80858 | E87: Signed SO/Pending Drawings | F87: Yes | G87: 45671 | H87: 13686 | I87: 8879.2 | J87: No | K87: No | L87: Sent to Engineering | M87: Yes | N87: Valid backlog | O87: 46174 | P87: https://panda-windows-and-doors.monday.com/boards/7469134152/pulses/8241706192
A88: Stefan Monetta | B88: Clerestory LLC | C88: Malireddy Pivot Door | D88: 89254 | E88: Signed SO/Pending Drawings | F88: Yes | G88: 46135 | J88: Yes | K88: No | L88: Sent to Engineering | M88: Yes | N88: Valid backlog | O88: 46183 | P88: https://panda-windows-and-doors.monday.com/boards/7469134152/pulses/11833868966
A89: Stefan Monetta | B89: Reflection Window + Wall | C89: Bally's Chicago Casino | D89: 90293 | E89: Signed SO/Pending Drawings | F89: Yes | G89: 46154 | J89: Yes | K89: No | L89: Sent to Engineering | M89: Yes | N89: Valid backlog | O89: 46175 | P89: https://panda-windows-and-doors.monday.com/boards/7469134152/pulses/11993669702
A90: Trevor Benthagen | B90: Jairo Cadena | C90: Cadena Residence Alternate | D90: 90541 / 2340 | E90: Signed SO/Pending Drawings | F90: Yes | G90: 46177 | H90: 245378.14 | I90: 211482.19 | J90: No | K90: No | L90: Pending Deposit in Invoicing | M90: No | N90: Valid backlog | O90: 46251 | P90: https://panda-windows-and-doors.monday.com/boards/7469134152/pulses/11820382060
A91: Trevor Benthagen | B91: Craig Campbell, Sierra Pacific Windows | C91: Silence Residence | D91: 92285 / 3906 | E91: Signed SO/Pending Drawings | F91: Yes | G91: 46293 | H91: 241158.25 | I91: 212062.61 | J91: Yes | K91: Yes | L91: Not on PM board | M91: Yes | N91: Valid backlog | O91: 46293 | P91: https://panda-windows-and-doors.monday.com/boards/7469134152/pulses/12708565152
A92: Trevor Benthagen | B92: Steve Hernandez, Sierra Pacific Windows | C92: 4545 Tremont Doors | D92: 91699 / 3711 | E92: Signed SO/Pending Drawings | F92: Yes | G92: 46287 | H92: 137544.7 | I92: 123986.79 | J92: No | K92: No | L92: Not on PM board | M92: Yes | N92: Valid backlog | O92: 46287 | P92: https://panda-windows-and-doors.monday.com/boards/7469134152/pulses/11762749119
A93: Trevor Benthagen | B93: Mike Haskell, Sierra Pacific Windows | C93: 1850 White Oak Dr. | D93: 92463 / 4543 | E93: Signed SO/Pending Drawings | F93: Yes | G93: 46289 | H93: 136558.27 | I93: 120088.32 | J93: No | K93: No | L93: Not on PM board | M93: Yes | N93: Valid backlog | O93: 46289 | P93: https://panda-windows-and-doors.monday.com/boards/7469134152/pulses/12835003618
A94: Trevor Benthagen | B94: Kason Sullivan | C94: Jeperson Remodel 4 PHASE 1 | D94: 92246 / 3897 | E94: Signed SO/Pending Drawings | F94: Yes | G94: 46238 | H94: 38876.84 | I94: 32552.25 | J94: No | K94: No | L94: Not on PM board | M94: Yes | N94: Valid backlog | O94: 46287 | P94: https://panda-windows-and-doors.monday.com/boards/7469134152/pulses/12707559837
A95: Trevor Benthagen | B95: Mike Haskell, Sierra Pacific Windows | C95: 1850 White Oak Dr. Corner Unit (TS.XO) | D95: 95208 | E95: Signed SO/Pending Drawings | F95: Yes | G95: 46289 | H95: 29967.68 | I95: 26930.17 | J95: No | K95: Yes | L95: Pending Deposit in Invoicing | M95: Yes | N95: Valid backlog | O95: 46289 | P95: https://panda-windows-and-doors.monday.com/boards/7469134152/pulses/13051621712
A96: Trevor Benthagen | B96: William Clark | C96: Clark Slider | D96: 89839 | E96: Signed SO/Pending Drawings | F96: Yes | G96: 46112 | H96: 16055 | I96: 12675.54 | J96: No | K96: No | L96: Pending Deposit in Invoicing | M96: No | N96: Valid backlog | O96: 46251 | P96: https://panda-windows-and-doors.monday.com/boards/7469134152/pulses/11487788991
A97: Trevor Benthagen | B97: Peak Glass, John Henry Schmitt | C97: 555 Scott Lane | D97: 90778 / 2875 | E97: Signed SO/Pending Drawings | F97: Yes | G97: 46226 | H97: 15475.51 | I97: 12793.24 | J97: Yes | K97: No | L97: Not on PM board | M97: Yes | N97: Valid backlog | O97: 46252 | P97: https://panda-windows-and-doors.monday.com/boards/7469134152/pulses/12615050539
A98: Trevor Benthagen | B98: Vivien Withington, Sierra Pacific Windows | C98: Fir Mountain Garage Sauna | D98: 92755 / 4765 | E98: Signed SO/Pending Drawings | F98: Yes | G98: 46286 | H98: 3664.17 | I98: 2074.46 | J98: No | K98: No | L98: Not on PM board | M98: Yes | N98: Valid backlog | O98: 46286 | P98: https://panda-windows-and-doors.monday.com/boards/7469134152/pulses/12936978862
A99: Tyler Clark | B99: AS Designs | C99: 39 Melanie Lane | D99: 92233 | E99: Signed SO/Pending Drawings | F99: Yes | G99: 46258 | H99: 437328 | I99: 391917.86 | J99: Yes | K99: No | L99: Not on PM board | M99: Yes | N99: Valid backlog | O99: 46295 | P99: https://panda-windows-and-doors.monday.com/boards/7469134152/pulses/12237137198
A100: Tyler Clark | B100: Rick - Scanlon Construction | C100: 736 El Medio | D100: 95111 | E100: Signed SO/Pending Drawings | F100: Yes | G100: 46288 | H100: 333030.84 | I100: 290484.27 | J100: No | K100: No | L100: Not on PM board | M100: Yes | N100: Valid backlog | O100: 46288 | P100: https://panda-windows-and-doors.monday.com/boards/7469134152/pulses/13120788104
A101: Tyler Clark | B101: Tim Lancaster | C101: Lake Residence | D101: 91787 | E101: Signed SO/Pending Drawings | F101: Yes | G101: 46227 | H101: 58638.14 | I101: 51197.75 | J101: Yes | K101: No | L101: Not on PM board | M101: Yes | N101: Valid backlog | O101: 46282 | P101: https://panda-windows-and-doors.monday.com/boards/7469134152/pulses/12622172998
... A103: Tyler Clark | B103: Robert Capp | C103: Capp Folding Door | D103: 90393 / 1485 | E103: Signed SO/Pending Drawings | F103: Yes | G103: 46287 | H103: 14369.99 | I103: 12073 | J103: No | K103: No | L103: Not on PM board | M103: No | N103: Valid backlog | O103: 46287 | P103: https://panda-windows-and-doors.monday.com/boards/7469134152/pulses/12111442915
A104: Tyler Clark | B104: Jeremy D. Whalon | C104: Whaleon Residence | D104: 86092 | E104: Signed SO/Pending Drawings | F104: Yes | G104: 46118 | I104: 16225 | J104: No | K104: No | L104: Sent to Engineering | M104: Yes | N104: Valid backlog | O104: 46192 | P104: https://panda-windows-and-doors.monday.com/boards/7469134152/pulses/11682599918
A105: Tyler Clark | B105: David Roberson | C105: SDCCD Student Housing | D105: 95062 | E105: Signed SO/Pending Drawings | F105: Yes | G105: 46275 | J105: No | K105: No | L105: Not on PM board | M105: Yes | N105: Valid backlog | O105: 46281 | P105: https://panda-windows-and-doors.monday.com/boards/7469134152/pulses/12886996989
B106: Navarex Group LLC | C106: Showroom Pivot Door | D106: 84876 | E106: Signed SO/Pending Drawings | F106: Yes | G106: 45771 | H106: 10000 | I106: 10000 | J106: No | K106: No | L106: Not on PM board | M106: No | N106: Check - 2025 win, no deposit, not on PM board | O106: 46210 | P106: https://panda-windows-and-doors.monday.com/boards/7469134152/pulses/9001127395
A107: Efrain Zarate | B107: Hall Aluminum Products | C107: HUB Boulder | D107: 85127 | E107: Signed SO/Pending Drawings | F107: Yes | G107: 45769 | J107: Yes | K107: No | L107: Not on PM board | M107: No | N107: Check - 2025 win, no deposit, not on PM board | O107: 46251 | P107: https://panda-windows-and-doors.monday.com/boards/7469134152/pulses/8972612230
A108: Joseph Tydingco | B108: Test Client | E108: Signed SO/Pending Drawings | F108: Yes | G108: 45881 | J108: No | K108: No | L108: Not on PM board | M108: No | N108: Check - 2025 win, no deposit, not on PM board | O108: 46120 | P108: https://panda-windows-and-doors.monday.com/boards/7469134152/pulses/9798707027
A109: Stefan Monetta | B109: Gallin | C109: 640 5th Ave | D109: 85732 | E109: Signed SO/Pending Drawings | F109: Yes | G109: 45939 | H109: 42683 | I109: 35379.46 | J109: No | K109: No | L109: Not on PM board | M109: No | N109: Check - 2025 win, no deposit, not on PM board | O109: 46182 | P109: https://panda-windows-and-doors.monday.com/boards/7469134152/pulses/18150722684
A110: Stefan Monetta | B110: Wally Abdal | C110: Abdal, Walid Entry Steel | D110: 80527 | E110: Signed SO/Pending Drawings | F110: Yes | G110: 45671 | H110: 16594 | I110: 11563 | J110: No | K110: No | L110: Not on PM board | M110: No | N110: Check - 2025 win, no deposit, not on PM board | O110: 46174 | P110: https://panda-windows-and-doors.monday.com/boards/7469134152/pulses/8241706257
A111: Avi Shoshan | B111: George Yousefi | C111: Windows & Sliders | D111: 87296 | E111: Signed SO/Pending Drawings | F111: Yes | G111: 46077 | H111: 67362 | I111: 66365.73 | J111: Yes | K111: Yes | L111: Completed - Closed Out | M111: Yes | N111: Remove - already produced / shipped | O111: 46120 | P111: https://panda-windows-and-doors.monday.com/boards/7469134152/pulses/11357849839
A112: Avi Shoshan | B112: George Yousefi | C112: George_Additional Fixed Window | D112: 89773 | E112: Signed SO/Pending Drawings | F112: Yes | G112: 46092 | J112: No | K112: No | L112: Completed - Closed Out | M112: Yes | N112: Remove - already produced / shipped | O112: 46120 | P112: https://panda-windows-and-doors.monday.com/boards/7469134152/pulses/11481725778
A113: Derrick McCall | B113: Boyette Door | C113: Kirkwood | D113: 79181 | E113: Signed Shop Drawings | F113: Yes | G113: 45818 | H113: 291600 | I113: 79181 | J113: No | K113: Yes | L113: Completed - Closed Out | M113: No | N113: Remove - already produced / shipped | O113: 46120 | P113: https://panda-windows-and-doors.monday.com/boards/7469134152/pulses/8969004348
...
